Date,Fremont Bridge West Sidewalk,Fremont Bridge East Sidewalk
05/22/2017,5936,4522
10/24/2012,2358,2500
11/23/2020,593,387
07/26/2014,2444,2976
12/02/2015,2630,2400
03/02/2019,1448,1514
05/18/2013,1628,2000
05/04/2016,4132,4046
12/05/2015,374,442
12/26/2018,914,676
02/10/2014,1402,1454
02/24/2019,980,886
12/17/2018,3002,1748
08/18/2018,2398,2088
03/22/2018,2258,1436
10/19/2014,1988,2508
03/27/2015,2762,3268
01/02/2014,1868,1862
10/18/2019,3600,1828
02/06/2016,806,962
07/01/2017,2234,2082
04/13/2020,2222,1988
05/01/2018,5722,3820
04/14/2013,1304,1624
04/24/2013,4326,4574
05/23/2014,2496,2616
07/15/2020,1964,1470
07/10/2013,4606,4608
07/29/2013,4080,4096
09/18/2013,3800,4018
02/20/2020,4678,2288
09/05/2015,1540,1652
04/06/2019,758,664
05/21/2016,752,730
09/22/2019,586,532
09/18/2014,3312,3232
11/20/2016,538,550
02/17/2014,1066,990
12/17/2015,1674,1642
05/14/2014,5704,6070
02/08/2018,3004,2102
07/03/2018,5970,3894
04/20/2017,3550,2620
12/17/2020,795,601
08/05/2018,2388,2160
07/02/2019,4504,2486
06/25/2014,4688,4376
10/09/2020,1347,891
01/28/2015,2782,3144
08/04/2019,3010,2856
04/18/2019,3296,2038
08/02/2017,5618,3822
05/28/2014,3860,4156
11/11/2013,2726,2596
03/18/2014,2766,2838
09/24/2015,4470,4172
11/21/2012,1404,1336
11/26/2012,2356,2360
03/08/2019,2366,1386
03/26/2020,612,566
01/30/2013,1774,1746
11/10/2015,3498,3216
08/14/2018,5634,3470
04/17/2019,4586,2790
03/08/2014,692,760
03/25/2016,2822,2560
05/27/2016,2924,2802
12/22/2014,2248,2264
08/28/2017,5336,3404
05/21/2019,5134,3224
08/03/2018,4406,2944
03/15/2017,2070,1572
01/23/2013,1742,1792
04/13/2016,3102,2774
12/02/2019,3900,2618
06/20/2020,1192,1034
05/05/2014,3166,3436
02/10/2020,5140,2558
11/03/2017,2372,1626
08/29/2019,6368,3384
09/03/2020,1782,1243
06/04/2018,4606,3028
11/13/2015,1666,1558
02/25/2015,1738,3054
02/05/2020,2916,1338
05/17/2017,4756,3494
05/24/2019,4316,2722
02/13/2015,1784,3134
12/10/2013,1806,1934
08/04/2020,1952,1309
09/18/2016,1686,1700
06/02/2018,2960,2862
10/17/2020,994,793
05/06/2015,4110,4352
03/03/2016,2584,2406
06/11/2014,5084,5308
01/24/2015,1022,1304
09/21/2016,4538,3640
01/12/2019,1686,1656
03/24/2018,1416,1106
10/24/2018,4386,2898
07/17/2019,4942,2966
02/15/2017,1830,1292
07/11/2019,6984,4146
03/10/2016,2160,1924
10/30/2019,5374,2814
04/20/2015,4428,4684
02/03/2015,1824,2844
08/13/2019,7926,4376
12/25/2019,458,368
04/18/2017,3158,2406
07/28/2016,4692,4274
10/01/2019,6840,3602
06/16/2019,3672,2868
05/17/2013,4096,5470
06/18/2017,1676,1670
04/03/2018,4096,2690
09/03/2019,7230,3976
06/18/2016,1172,1062
04/27/2018,4122,2720
10/22/2016,1502,1518
11/15/2014,986,1180
12/19/2018,2880,1770
10/20/2015,3848,3742
04/20/2013,890,1174
02/01/2015,636,780
11/27/2018,3158,1990
02/09/2015,2946,1262
01/08/2013,1594,1562
07/28/2018,2614,2456
11/01/2012,2060,2122
06/03/2019,6682,4070
02/17/2015,2160,3678
04/07/2020,2002,1788
08/28/2015,2706,2600
11/06/2014,2190,2306
04/14/2015,2364,2484
01/05/2017,1980,1574
09/12/2016,4650,3836
09/14/2015,3338,3230
02/23/2018,1404,848
11/04/2017,716,814
08/09/2017,5568,3830
08/05/2017,2052,2000
04/07/2017,1974,1470
10/28/2016,3404,3000
09/28/2020,1591,1101
06/15/2015,4630,4532
10/25/2015,826,978
12/20/2014,376,432
07/22/2016,2206,1950
10/12/2016,4356,3404
05/25/2015,1614,1860
06/16/2014,3344,3378
11/19/2016,872,806
10/18/2013,2824,3076
12/10/2019,4440,2184
01/23/2018,2414,1538
09/30/2017,1280,1288
11/04/2018,1222,1218
02/01/2020,680,496
07/18/2015,2176,2214
05/04/2018,4984,3192
09/23/2019,5632,2766
11/02/2018,3576,2058
04/12/2013,1996,2094
03/09/2015,4094,1572
09/27/2020,1605,1293
09/16/2017,2208,2098
05/16/2016,4024,3582
12/01/2020,894,594
10/20/2012,964,1172
06/19/2017,4976,3466
01/27/2015,2004,3122
01/30/2019,4076,2382
12/17/2016,564,472
05/29/2015,4550,4546
08/07/2018,6712,4054
06/21/2017,5416,3884
02/12/2020,5010,2324
07/17/2020,1234,949
02/13/2020,3650,1818
03/12/2016,658,734
03/11/2017,472,476
04/13/2015,1986,2330
10/31/2014,1864,2012
10/15/2018,5010,3050
08/13/2017,4556,1980
11/30/2019,594,662
03/08/2015,1938,2274
08/06/2013,4514,4690
08/13/2014,3346,3226
07/29/2019,7448,4270
12/21/2015,1318,1232
03/22/2014,1420,1588
06/19/2016,2284,2262
02/09/2018,2950,1898
02/20/2016,1526,1858
12/16/2012,298,404
02/27/2015,2438,1038
09/09/2016,4272,3604
05/01/2019,6266,3856
11/03/2012,878,1026
03/04/2017,1138,1112
02/06/2013,1958,2032
11/16/2012,1966,2046
12/02/2017,380,386
09/16/2020,427,299
10/12/2014,1440,1678
09/06/2014,2266,2534
01/28/2019,4298,2658
06/25/2015,4726,4692
11/27/2020,1011,843
08/04/2013,2256,2676
05/11/2016,5554,5434
04/21/2020,1736,1462
01/13/2019,1502,1644
12/04/2019,4486,2192
07/01/2018,1902,1564
02/26/2018,2748,1808
09/13/2013,3258,3206
11/07/2020,884,637
03/25/2014,2112,2062
07/31/2020,1684,1280
10/26/2017,4166,2932
04/04/2017,3684,2770
04/06/2014,1294,1792
04/20/2014,1652,1816
10/20/2020,1350,895
10/03/2020,1122,898
10/29/2018,3862,2484
05/16/2013,4234,4314
10/24/2013,2782,3248
11/28/2014,306,342
02/16/2020,1024,750
03/30/2013,2264,2730
12/11/2013,2084,2188
12/18/2019,4286,1968
03/30/2015,2650,4028
04/11/2020,2536,2476
03/04/2016,2320,2190
10/02/2014,3328,4464
12/08/2015,1802,1710
11/02/2016,2780,2126
12/03/2014,2550,2038
11/26/2017,446,438
08/28/2014,4402,4416
11/05/2016,388,490
06/06/2015,2414,2536
03/23/2017,3290,2416
05/18/2016,4594,4516
02/19/2018,1496,916
03/07/2019,1900,1110
02/19/2019,2476,1416
09/08/2017,4258,3016
05/29/2020,1845,1554
09/16/2013,3108,3022
07/08/2018,2716,2798
03/21/2016,2202,1894
06/10/2017,2456,2758
12/30/2013,1714,1730
06/02/2015,3182,2974
12/14/2013,786,982
01/16/2018,3392,2172
04/24/2018,6154,4222
11/17/2013,854,1078
01/16/2015,1672,2612
04/05/2019,3062,1710
06/09/2018,1372,1474
08/26/2019,7228,3860
04/02/2014,3450,3894
04/28/2019,2336,2162
09/18/2019,5942,3254
05/16/2019,4444,2644
04/10/2016,1530,1676
11/10/2017,2882,1934
11/21/2016,3306,2606
02/20/2015,2956,1078
02/21/2018,2232,1412
10/01/2016,1064,1088
05/22/2014,4874,4946
10/26/2020,913,564
04/18/2020,1692,1680
03/02/2020,4086,1858
10/16/2018,5352,3478
04/07/2013,526,628
10/02/2013,2338,2486
11/01/2014,1162,1426
07/06/2018,4832,3352
07/14/2017,5052,3606
01/05/2014,972,1330
05/13/2019,5886,3538
12/11/2014,2398,844
02/21/2019,3098,1890
10/30/2020,1034,810
01/13/2018,1056,1060
03/24/2017,1830,1340
12/13/2013,1782,1756
03/19/2013,2240,2384
01/26/2016,2252,2084
02/12/2013,2046,2164
03/02/2016,2558,2506
12/21/2016,2222,1774
02/13/2019,804,396
02/23/2019,712,574
09/24/2013,3112,3300
11/13/2014,2744,2488
03/18/2017,624,570
03/28/2016,3186,3036
05/13/2016,5080,4850
01/19/2020,952,694
07/18/2016,4144,3650
05/26/2013,1052,1330
10/19/2015,3116,2926
12/11/2012,1902,1988
05/22/2020,1226,928
04/26/2015,1446,1686
03/17/2014,2828,2790
09/20/2018,4184,2686
03/14/2015,804,946
02/03/2014,2304,2276
02/03/2019,4904,2706
07/14/2020,1912,1443
03/05/2014,1840,1908
12/09/2013,1774,1812
07/28/2013,1804,2156
05/08/2016,1060,1296
07/20/2019,3662,2842
10/19/2018,4368,2686
08/24/2014,2276,2562
04/17/2013,2832,3046
09/06/2015,850,932
06/29/2018,5982,3856
07/08/2014,5212,5218
10/13/2017,3294,2190
01/12/2014,570,740
12/28/2020,997,761
06/28/2015,2022,2180
10/06/2012,1852,2160
04/22/2014,2346,2500
08/30/2020,1728,1275
07/25/2020,1869,1586
06/05/2016,2002,2264
09/16/2014,4182,4494
01/25/2015,1786,2524
08/06/2015,4410,4180
03/05/2013,2386,2410
10/25/2014,736,744
06/01/2016,4910,4708
12/21/2019,310,274
04/15/2018,950,952
03/06/2020,1810,1092
06/10/2015,5000,4954
01/06/2017,1842,1454
12/07/2014,1132,1256
04/08/2016,3924,3842
12/15/2014,3470,1096
08/27/2020,1724,1307
06/27/2019,5046,2892
03/26/2013,2904,3126
08/03/2015,4350,4136
03/11/2015,2958,1142
04/12/2014,2030,2340
12/22/2020,757,554
09/13/2017,5550,3560
12/25/2017,56,40
07/15/2014,4930,4952
10/26/2018,3246,2100
01/03/2016,426,462
01/19/2013,678,842
10/28/2015,2610,2538
07/26/2013,3928,3998
07/23/2017,2270,2040
09/25/2014,2916,3008
12/29/2017,668,514
05/12/2018,2948,2916
06/03/2020,1506,1148
05/18/2019,3408,3118
07/03/2020,1411,1063
06/14/2013,3264,3380
02/21/2014,1920,1858
10/25/2013,2366,2504
02/21/2015,1506,1796
03/30/2017,3242,2456
11/19/2015,3034,2840
01/07/2013,1850,1936
11/09/2020,768,441
09/18/2015,3078,2922
01/14/2020,1128,538
11/04/2020,682,426
01/07/2017,520,556
04/05/2017,2238,1570
07/04/2018,3952,3606
11/29/2020,977,865
03/18/2013,2400,2362
11/03/2019,1928,1542
04/26/2017,2952,2126
09/11/2019,7094,4050
02/20/2017,1136,802
06/09/2020,621,498
10/15/2016,302,282
10/16/2013,3194,3486
10/02/2015,3080,2954
09/14/2018,3210,2102
04/17/2020,2584,2278
10/27/2018,1072,1122
11/06/2020,942,672
07/09/2019,6420,3682
03/03/2018,1460,1556
12/05/2014,1968,1888
09/29/2013,474,506
01/14/2018,1488,1670
11/19/2020,789,559
07/13/2018,5494,3532
12/25/2013,300,442
06/05/2020,1609,1195
02/10/2013,1154,1470
06/07/2016,5318,4856
03/29/2014,516,626
10/16/2017,4700,3142
02/23/2015,2212,3550
02/02/2016,3234,3034
10/11/2017,4026,2652
07/17/2018,6548,4170
11/14/2012,2612,2588
01/12/2020,578,522
11/16/2018,3646,2190
05/13/2020,1335,1065
11/25/2019,4344,2142
07/16/2013,4558,4628
06/29/2016,4742,4226
05/28/2020,1571,1234
10/15/2015,3842,3704
11/12/2018,3578,2166
01/28/2014,2424,2508
12/28/2017,1122,822
08/15/2014,3264,2980
03/24/2020,1278,1018
10/14/2013,3236,3574
05/25/2013,1656,1876
03/21/2014,2614,2690
07/03/2014,3790,3728
01/15/2020,1358,672
08/10/2018,5636,3476
12/23/2020,655,546
12/22/2017,1354,964
11/01/2015,510,534
12/10/2017,884,910
08/31/2013,2176,2408
12/17/2014,2784,1174
10/30/2016,884,834
07/11/2020,1545,1275
03/16/2017,3170,2486
03/13/2014,3238,3388
04/04/2014,2804,2830
04/19/2016,4884,4870
09/03/2014,3914,4328
08/10/2017,5192,3680
12/03/2012,1872,1864
01/10/2016,862,1124
04/05/2014,950,1138
08/07/2016,1574,1634
10/20/2014,3088,2628
03/27/2019,4678,2902
02/28/2013,1770,1748
01/03/2015,730,904
03/20/2015,1606,2422
03/03/2019,1298,1248
09/05/2018,5962,3738
04/20/2016,4790,4782
07/19/2019,5964,3462
06/21/2014,3388,3020
08/02/2018,5274,3232
08/13/2018,6106,3632
05/05/2016,5046,4870
12/05/2019,4958,2396
12/10/2018,3526,2140
06/09/2017,3930,2804
02/28/2020,3742,1824
02/02/2020,1362,1078
07/27/2017,4636,3324
01/13/2016,1900,1712
07/14/2015,4892,4698
01/30/2016,938,1116
06/03/2017,1846,1936
08/30/2013,3324,3428
09/11/2018,4652,3030
03/09/2016,2094,1954
01/01/2015,642,780
02/04/2018,886,990
05/10/2020,1615,1434
11/24/2017,874,852
07/17/2017,5790,3792
01/09/2017,2270,1758
08/28/2013,3466,3502
02/23/2017,2492,1742
03/03/2020,4950,2214
12/23/2013,1416,1418
11/07/2012,2626,2812
01/29/2018,2378,1566
12/28/2015,1224,1188
09/28/2016,4722,3904
09/05/2020,1600,1511
06/24/2015,4664,4786
08/15/2020,1663,1406
07/31/2015,3964,3810
12/06/2012,1848,1910
06/14/2020,1794,1528
02/17/2019,700,616
11/09/2019,724,638
03/16/2018,3908,2514
02/04/2017,310,396
05/06/2018,2350,2420
07/10/2020,1880,1261
05/30/2020,456,363
03/22/2019,3752,2358
03/13/2018,2898,1794
12/14/2012,1630,1788
10/24/2017,5002,3300
09/11/2014,4252,3832
03/02/2018,2692,1670
09/02/2013,2094,2556
08/18/2015,4650,4366
07/25/2014,3944,4200
07/24/2016,2068,2272
10/23/2013,3244,2924
09/08/2020,956,632
06/02/2013,2216,3136
05/13/2015,2682,2732
02/12/2014,2166,2112
01/11/2019,3778,2258
05/23/2015,1552,1608
10/03/2013,3162,3340
06/22/2020,1840,1398
11/10/2019,1468,1148
09/13/2020,198,176
08/01/2018,6282,3834
05/23/2017,6298,4658
06/05/2018,6034,4012
07/28/2015,4882,4548
07/10/2019,4006,2326
02/11/2015,2228,3388
02/18/2019,1608,976
02/05/2013,1964,2060
08/12/2019,7216,4134
01/24/2017,2832,2316
12/12/2014,2240,2362
04/29/2020,2150,1958
03/12/2015,3698,2130
07/23/2013,4556,4652
11/05/2020,631,412
03/10/2015,4170,1540
10/25/2020,926,768
09/22/2017,4472,3208
03/18/2016,2846,2776
01/06/2020,3780,1910
12/05/2017,3470,2428
06/06/2018,6244,4196
07/30/2020,1742,1253
12/08/2012,806,942
08/31/2017,4510,3306
01/31/2017,2924,2292
11/14/2014,1942,2412
12/15/2018,1134,1052
02/01/2018,2766,1688
06/06/2014,4364,4400
09/17/2017,1084,982
01/10/2019,3562,2234
08/21/2018,2924,1798
10/10/2016,3980,3216
02/25/2016,3368,3276
09/16/2015,3898,3564
07/02/2016,1882,2146
06/12/2020,973,592
11/11/2014,3146,2436
12/31/2020,674,505
09/09/2014,3412,4564
02/16/2017,2590,2026
12/30/2012,640,750
11/08/2015,636,726
08/12/2013,3978,4078
12/11/2016,454,458
10/24/2014,3140,2416
12/29/2012,476,498
04/10/2018,2834,1880
10/11/2016,4406,3592
03/01/2019,3280,2034
06/20/2013,2500,2442
08/03/2016,4826,4216
05/27/2018,2772,2480
05/29/2013,3038,3236
02/07/2013,2144,2230
06/15/2013,2240,2872
02/18/2013,1446,1516
03/30/2016,4286,4316
07/20/2016,4856,4440
04/18/2014,2936,2924
10/31/2018,3792,2244
12/25/2012,96,100
09/02/2017,2188,2118
01/16/2014,2580,2702
01/29/2019,4410,2670
09/22/2016,4750,3834
08/27/2015,4374,4298
02/12/2017,1206,1256
12/20/2015,478,546
02/26/2014,2900,3020
09/30/2019,6560,3452
09/09/2019,4896,2534
08/11/2013,2092,2538
11/22/2020,478,438
09/26/2018,5562,3476
09/02/2015,3734,3490
02/11/2014,1986,2062
11/25/2012,904,1132
07/08/2020,1857,1413
12/15/2013,638,872
05/03/2019,4968,3252
07/18/2019,5880,3476
02/20/2014,2188,2240
10/02/2020,1447,1039
07/23/2018,6134,3768
08/23/2014,2254,2606
12/31/2015,1058,1072
10/09/2019,5812,3138
12/16/2013,2424,2576
07/09/2017,2330,2218
06/20/2016,4590,4106
09/13/2014,2354,2380
10/08/2016,656,744
08/17/2016,5030,4192
02/22/2015,1680,1960
06/13/2015,2528,2848
08/20/2020,1382,1018
12/01/2015,2678,2518
05/02/2019,5418,3306
10/09/2016,1094,1060
10/29/2019,5772,2874
09/26/2013,3478,3748
02/14/2019,1112,650
11/28/2019,606,552
10/06/2017,4208,2940
02/08/2016,3226,3094
11/26/2013,2448,2634
11/10/2018,1222,1106
06/01/2018,5004,3330
10/05/2015,4134,3972
10/17/2015,1256,1434
01/29/2017,872,756
10/15/2013,3374,3554
11/08/2020,977,879
02/17/2020,2982,1700
12/18/2013,2184,2158
09/18/2018,5536,3398
05/07/2020,1512,1325
06/24/2018,2890,2356
08/04/2014,4782,4598
07/10/2015,3792,3752
02/15/2014,588,728
12/12/2013,1892,1976
09/22/2018,1610,1440
02/14/2020,3926,1996
02/18/2017,582,536
03/28/2019,4670,2910
04/19/2014,834,978
01/10/2017,2032,1608
04/03/2017,4016,3010
12/11/2019,3822,1912
03/23/2016,2512,2160
07/27/2013,2424,2578
07/22/2013,4202,4146
04/03/2016,1938,2316
09/20/2013,3300,3368
11/18/2019,4388,2050
01/25/2020,1134,872
11/19/2014,3150,2520
08/02/2013,2538,2620
05/15/2016,996,1084
05/17/2018,5684,4016
08/17/2019,2946,2414
05/14/2018,6518,4368
10/09/2018,4216,2674
12/09/2012,410,434
02/09/2017,1392,1100
06/08/2016,4784,4470
10/23/2019,6146,3124
11/21/2015,1004,1234
03/03/2015,2202,3688
06/29/2013,2584,2880
11/25/2014,1746,2156
01/31/2020,2762,1318
04/13/2018,1958,1298
08/27/2016,1752,1714
01/10/2014,1632,1928
06/07/2013,3584,3768
04/19/2015,2512,3038
06/19/2020,1726,1317
06/06/2020,1436,1216
12/12/2017,3188,2102
10/21/2018,1254,1210
11/05/2018,4086,2528
06/30/2017,5102,3628
12/31/2016,468,476
04/01/2014,3710,3872
10/10/2014,2430,3484
09/06/2013,2156,2290
06/29/2015,4066,4296
10/08/2012,3416,3658
01/04/2017,2002,1614
10/27/2016,3104,2530
12/09/2017,852,768
10/10/2019,5414,2972
05/08/2019,6694,4244
06/21/2018,5996,3820
07/29/2020,1816,1373
10/08/2013,2812,2968
04/16/2019,4442,2756
12/04/2015,2310,2226
09/09/2015,4486,4140
03/06/2015,2072,3532
04/30/2015,3628,3588
02/20/2018,2314,1456
08/14/2017,5218,3628
01/07/2019,3768,2354
01/27/2014,2488,2510
09/17/2019,3994,2114
02/12/2016,1982,1858
10/08/2019,4848,2566
08/24/2017,5014,3652
02/01/2019,2248,1264
10/21/2013,2948,3064
12/07/2019,752,568
08/15/2018,5102,3346
02/27/2020,5568,2892
08/15/2019,7484,4162
02/18/2018,456,396
09/03/2016,1288,1428
01/20/2016,2710,2466
07/21/2020,1813,1345
10/23/2017,4660,3220
02/13/2017,3414,2640
11/06/2012,2412,2574
01/26/2013,516,572
04/27/2020,2190,1686
09/15/2020,406,240
03/23/2014,1776,2150
01/11/2018,2172,1340
08/29/2015,668,730
12/03/2015,1948,1820
08/05/2020,1973,1370
11/11/2019,4906,2482
07/02/2018,5356,3332
05/14/2016,1494,1700
05/08/2018,6108,4178
09/16/2018,1128,1212
08/17/2017,5552,3878
09/07/2020,1453,1168
11/26/2019,4422,2236
09/10/2020,1309,830
09/06/2016,3110,2680
08/02/2020,1818,1470
08/20/2015,4026,3666
11/11/2018,1130,1110
09/14/2013,1700,1964
04/10/2014,3814,4066
11/21/2019,5412,2640
05/20/2013,4494,4804
03/15/2019,3674,2368
12/16/2018,368,336
11/22/2019,4504,2160
08/18/2014,4844,4428
04/14/2017,2674,1920
02/22/2020,1366,916
12/09/2020,726,527
01/15/2018,2586,1854
03/13/2017,2206,1502
12/13/2017,3346,2136
07/18/2017,6116,4360
11/10/2013,970,1010
11/25/2013,2548,2670
01/25/2019,3790,2364
08/25/2013,1936,2182
12/19/2016,1630,1224
05/18/2017,5026,3768
03/20/2018,4374,2932
07/06/2017,5834,4126
09/01/2015,2966,2786
11/22/2017,2248,1596
02/27/2018,2682,1812
03/04/2018,782,772
12/06/2015,488,472
06/06/2013,4580,4698
09/20/2016,4772,3786
10/18/2018,5064,3116
05/11/2018,5304,3502
10/17/2012,3192,3294
07/06/2013,2692,3152
06/05/2017,5390,3924
04/10/2013,2108,2118
01/31/2019,3952,2368
07/07/2016,3726,3126
01/22/2020,3544,1596
12/10/2015,1920,1762
07/04/2015,2392,2494
06/01/2013,1944,2536
02/03/2018,704,688
06/22/2017,5780,4242
08/23/2017,5642,3714
09/15/2019,694,642
06/08/2014,3294,3800
12/30/2018,788,708
04/10/2020,2690,2460
01/22/2016,2210,2110
06/27/2016,4838,4254
09/15/2014,3672,5228
07/23/2020,1566,1294
02/05/2016,2112,2090
07/20/2018,5132,3366
04/13/2013,720,972
02/19/2016,1630,1504
07/29/2016,4180,3696
11/12/2020,746,473
03/02/2015,3772,1376
12/26/2013,1166,1214
02/11/2019,138,64
08/21/2016,1740,1748
04/10/2019,3414,2064
10/23/2015,3180,2994
01/18/2019,3102,1826
05/07/2016,2468,3072
07/04/2020,1414,1117
08/28/2020,1766,1183
04/28/2014,3616,3900
03/06/2013,1984,2098
01/08/2020,4528,2228
10/30/2012,1646,1824
07/09/2013,4782,4850
04/12/2015,1474,1928
06/20/2019,6182,3634
11/30/2020,705,531
10/28/2012,902,1222
06/04/2017,2052,2048
05/12/2014,5410,5454
02/09/2013,974,1254
08/03/2017,4874,3320
08/13/2015,4590,4266
05/26/2017,5160,3926
12/23/2019,1982,998
07/12/2017,6066,4434
10/04/2012,3534,3416
01/01/2014,832,996
03/22/2017,2988,2306
09/23/2016,3038,2400
06/24/2013,2370,2494
12/24/2016,366,404
09/20/2019,6062,2954
10/16/2019,3800,1924
03/02/2013,1152,1314
03/29/2018,3886,2576
07/05/2019,3326,2104
11/02/2020,1279,893
08/25/2014,5008,4958
03/09/2019,1354,1304
06/11/2015,4802,4636
01/29/2015,2908,3214
11/03/2015,3396,3212
11/02/2015,3104,2944
01/05/2018,2234,1498
08/14/2020,1762,1774
06/24/2017,2526,2366
09/17/2018,5372,3330
11/14/2017,3056,1908
12/06/2014,848,956
07/03/2019,5020,2976
01/19/2019,1044,908
04/08/2013,2710,2668
03/10/2019,1460,1476
01/04/2016,1882,1720
09/23/2015,4584,4540
06/16/2015,4762,4340
04/29/2016,3028,2854
01/02/2017,618,628
04/01/2016,3976,3856
07/12/2019,6442,3914
09/21/2019,2824,2472
07/19/2015,1892,2034
11/12/2019,4490,2168
01/15/2013,2002,2130
02/13/2016,640,706
07/13/2017,4438,3498
12/18/2015,1732,1684
04/12/2017,2054,1584
07/01/2015,4678,4624
01/21/2019,2482,1600
10/12/2012,1978,2044
09/26/2014,2350,2672
11/02/2013,652,688
08/13/2016,1888,1894
07/01/2020,1217,824
03/12/2013,1972,1988
04/22/2018,2074,2096
05/05/2015,2564,2646
05/25/2018,4974,3116
10/24/2016,3306,2686
02/17/2018,774,762
02/15/2013,2196,2412
03/07/2017,2008,1446
10/21/2012,898,1080
08/29/2013,2290,2460
07/29/2015,4914,4554
05/27/2020,1862,1585
08/02/2015,1860,1906
08/01/2020,1629,1481
07/10/2018,6160,4044
05/27/2015,4692,4850
12/25/2020,143,109
01/30/2018,3432,2324
11/04/2013,3028,3088
08/19/2018,2008,1882
11/19/2012,984,950
03/20/2019,6028,3634
02/08/2014,710,880
10/01/2014,3326,4348
08/26/2014,5648,5454
06/23/2017,4896,3710
10/03/2016,4156,3274
06/19/2018,6744,4222
08/25/2018,1470,1194
06/04/2015,4626,4648
02/03/2013,782,954
07/02/2020,1302,938
12/04/2016,860,972
09/26/2017,5466,3832
09/10/2019,5366,2980
05/06/2019,6630,3862
08/30/2018,4574,2778
12/17/2012,1490,1494
05/19/2013,1900,2372
02/14/2013,1808,1960
06/26/2019,6282,3782
12/16/2017,800,812
08/15/2015,1744,1660
05/08/2017,5044,3730
02/21/2020,4218,2118
10/08/2017,1366,1412
04/11/2018,2958,1896
01/26/2017,2808,2228
10/16/2020,941,680
11/08/2017,3474,2284
01/17/2015,548,636
12/06/2018,3266,1918
11/18/2015,2992,2862
04/14/2014,3914,4098
07/15/2015,4852,4520
05/16/2018,6204,4276
11/16/2013,1032,1210
06/29/2017,5510,3976
08/30/2015,1082,1344
01/19/2018,2726,1776
01/11/2013,1532,1608
02/23/2016,3320,3252
04/28/2016,4042,3698
11/27/2013,2164,2338
09/19/2020,959,763
01/17/2019,3372,1996
03/30/2014,1084,1556
12/27/2014,524,562
01/25/2017,2552,2132
04/23/2016,1472,1870
11/07/2015,530,520
10/24/2020,986,677
01/18/2016,1688,1728
01/19/2017,2194,1696
07/24/2018,6706,4194
09/10/2013,4266,4224
10/10/2017,3982,2654
10/27/2013,724,832
03/13/2020,1050,626
01/05/2013,632,806
02/22/2014,562,686
11/23/2012,374,336
10/07/2015,2456,2262
02/24/2013,1034,1210
06/12/2018,6092,3868
05/29/2019,6950,4396
10/13/2020,792,518
11/25/2017,876,840
02/15/2019,1690,988
09/06/2019,6736,3646
04/08/2018,1078,1084
06/02/2019,3050,2876
12/07/2012,1820,1812
07/22/2015,4886,4410
09/12/2019,6794,3972
02/26/2020,5142,2418
06/13/2019,7532,4458
05/16/2014,5198,6286
08/21/2015,3618,3594
05/05/2017,3212,2254
11/26/2014,2154,2324
03/23/2020,1594,994
05/31/2019,6470,4164
01/23/2019,3502,2060
02/10/2019,24,52
05/05/2013,2690,3316
07/01/2016,3856,3540
10/18/2015,812,862
05/20/2016,4494,4928
05/20/2018,1814,1836
09/25/2016,1730,1616
10/18/2014,1166,1590
10/05/2016,3844,3076
06/03/2016,4578,4362
07/04/2014,3478,3090
06/09/2019,3256,2722
12/03/2020,788,572
12/21/2017,2038,1434
03/07/2020,1080,938
12/20/2019,1558,718
11/12/2012,1584,1678
10/13/2019,1732,1462
04/26/2018,6092,4256
11/10/2012,1168,1370
09/04/2014,4924,4956
09/22/2020,1732,1269
07/20/2013,2266,2756
03/27/2016,420,472
11/13/2019,5922,3012
12/18/2014,1424,2458
11/16/2014,948,1060
12/02/2016,1912,1552
09/04/2015,3024,2850
10/06/2020,1646,1116
01/01/2019,704,670
07/04/2016,2300,2116
02/08/2015,1364,1680
10/21/2020,944,586
01/17/2018,2806,1820
01/31/2018,3086,1986
02/07/2018,3332,2304
06/10/2013,4308,4430
07/18/2020,1973,1556
05/19/2019,2294,2008
11/14/2015,396,414
07/06/2015,4134,3998
12/12/2020,898,838
03/07/2016,2112,1932
09/19/2015,1706,1962
03/27/2020,533,452
08/23/2018,3934,2468
04/30/2018,4380,2718
01/21/2013,1264,1288
12/06/2020,744,697
03/19/2018,4122,2730
11/07/2017,3960,2576
10/31/2017,4638,3090
10/28/2018,672,594
06/08/2013,2010,2348
04/18/2016,4814,4542
06/10/2014,4554,4506
05/01/2017,3874,2852
03/30/2020,381,335
08/11/2016,4886,4252
06/17/2016,3748,3358
01/15/2014,2744,2800
08/20/2016,2018,1884
12/13/2019,3802,2024
11/23/2016,2028,1560
04/18/2018,4418,2982
06/23/2016,2698,2446
04/12/2016,2544,2462
09/15/2015,3724,3590
07/07/2018,2918,2334
03/31/2016,4188,4208
10/10/2012,3174,3296
07/25/2018,6376,3966
11/18/2020,527,302
10/22/2014,1948,2226
05/11/2015,3654,3698
08/05/2014,4854,4784
10/12/2015,3508,3328
12/01/2014,1730,1888
05/03/2018,5934,4022
02/02/2015,1502,2306
06/16/2018,2858,2180
01/28/2017,1148,1282
05/20/2014,5670,5686
11/06/2017,3918,2526
03/29/2017,2384,1832
01/29/2013,1758,1820
10/16/2014,3006,4252
04/21/2013,818,1118
08/11/2014,4430,4220
10/30/2015,1982,1998
12/03/2019,4734,2014
04/22/2016,2702,2734
04/21/2017,4484,3734
09/13/2019,5414,2902
12/17/2013,2188,2276
01/09/2013,1300,1394
05/16/2017,2782,1962
08/18/2013,2074,2528
11/05/2015,2964,2890
10/30/2018,4374,2656
12/15/2012,410,516
05/30/2014,4864,4874
03/10/2014,2156,2134
02/27/2014,2554,2888
06/09/2016,4170,3770
04/01/2017,1244,1230
02/22/2017,2468,1884
03/18/2015,4054,1692
04/25/2014,3012,3376
07/17/2016,2024,2050
08/08/2020,1266,1052
03/17/2013,1100,1490
07/21/2016,4862,4240
03/12/2018,5010,3492
10/12/2019,1818,1332
06/08/2018,3494,2118
09/26/2019,5272,2988
11/29/2019,2412,1302
05/15/2014,5286,5314
02/20/2013,2150,2284
11/21/2020,1271,1260
11/06/2016,1488,1530
12/20/2020,614,566
12/07/2018,3056,1804
07/19/2014,2122,2118
11/23/2018,662,536
12/26/2016,364,402
03/25/2019,3686,2228
08/14/2015,2074,2050
09/21/2017,3986,2754
06/13/2016,3834,3288
12/22/2012,460,526
05/23/2020,1594,1501
06/21/2019,5828,3468
09/12/2018,4786,2926
04/01/2018,616,628
06/07/2020,1167,1020
05/30/2016,2862,3068
08/31/2014,1738,1902
01/12/2017,1996,1680
03/11/2019,3378,2156
06/14/2019,6172,3650
04/11/2013,2430,2568
12/27/2016,1216,994
04/11/2015,1114,1414
03/21/2017,2508,1818
02/04/2019,330,190
06/20/2017,4438,3432
08/15/2013,3290,3378
07/31/2018,6200,4054
07/16/2015,4524,4324
01/27/2020,4210,2116
03/15/2018,4140,2860
08/09/2015,3500,2390
01/08/2017,268,268
05/10/2013,4560,5172
11/08/2013,2542,2722
05/01/2016,2330,2646
12/21/2020,272,145
03/26/2017,430,502
04/01/2020,1898,1654
07/05/2017,5274,3776
04/11/2014,3360,3510
08/30/2016,4750,4034
01/09/2016,886,1034
10/21/2014,3266,2662
02/19/2015,1710,2732
05/10/2016,5536,5562
07/13/2013,2576,2820
04/05/2018,2688,1822
04/09/2017,1552,1758
06/10/2018,1502,1544
04/25/2015,1480,1752
07/24/2017,5796,4018
09/13/2015,1358,1296
09/30/2020,1477,1053
11/17/2019,782,638
08/04/2017,4452,3018
12/14/2016,2312,1698
08/27/2014,5090,5002
03/08/2018,2068,1406
05/11/2020,981,842
09/03/2013,2912,2950
05/22/2019,7344,4288
02/02/2013,976,1290
03/17/2019,2396,2072
09/11/2016,1750,1624
07/31/2016,2022,2188
04/15/2015,3578,3816
01/27/2013,570,716
12/22/2013,384,416
12/08/2019,1208,1090
12/04/2013,1958,2198
04/24/2015,2236,2316
11/12/2017,556,602
01/06/2014,2298,2310
11/16/2017,3172,1936
03/28/2018,3986,2664
05/24/2015,1654,1898
05/11/2019,3002,2808
06/08/2015,4560,4390
03/08/2013,2660,2818
09/25/2015,2740,2628
03/31/2018,2084,1916
09/07/2016,3580,3018
09/01/2020,1847,1237
08/09/2014,2280,2578
11/08/2016,4308,3586
03/31/2014,3448,3424
05/16/2020,493,479
02/20/2019,2542,1600
11/29/2012,1780,1908
05/30/2018,6106,4048
04/05/2016,3614,3474
09/02/2014,3378,3608
06/30/2018,1932,1530
10/27/2020,1205,840
08/06/2014,4822,4734
10/30/2013,2908,3000
07/26/2015,1364,1540
06/29/2019,3496,2870
11/24/2013,994,1288
07/06/2016,5020,4612
09/29/2014,2948,3122
05/27/2013,768,770
04/29/2015,3456,3418
08/20/2019,7384,4038
08/05/2013,4256,4368
09/08/2016,4020,3400
01/14/2013,1870,1868
02/10/2016,2504,2486
08/21/2017,4490,3046
02/25/2017,1008,954
03/11/2014,3314,3518
08/30/2014,806,912
11/06/2018,4382,2696
02/13/2014,2356,2422
03/08/2017,2466,1910
02/05/2017,266,318
12/23/2016,604,506
07/12/2015,1882,2192
01/21/2014,2656,2704
12/24/2014,766,860
08/10/2016,4860,4160
03/06/2014,1760,1842
03/19/2015,2120,3300
03/23/2015,1778,2280
12/09/2015,2270,2170
08/11/2017,4798,3286
08/07/2017,5334,3562
08/16/2018,5116,3174
04/20/2018,4020,2608
04/23/2014,2734,2930
03/16/2020,2324,1546
06/26/2018,5828,3714
10/31/2012,1654,1766
03/13/2013,1918,1870
11/10/2014,3562,2946
12/09/2019,5438,2596
04/20/2020,2986,2486
07/08/2017,2628,2616
04/24/2020,2604,2130
09/09/2017,1666,1536
02/07/2019,1424,906
11/15/2020,692,684
07/08/2019,5932,3496
03/01/2013,1842,1848
01/03/2020,3248,1728
09/03/2017,1862,1896
02/11/2016,2344,2162
10/07/2018,842,884
05/17/2019,5322,3884
10/03/2015,1656,1822
09/18/2017,3714,2308
08/04/2016,4774,4272
03/19/2019,6106,3794
06/01/2014,2326,2876
08/07/2015,4200,4000
10/22/2013,3440,2884
07/19/2018,5760,3758
12/31/2013,1418,1420
11/11/2016,2838,2178
10/10/2020,788,696
09/28/2017,5648,4178
04/26/2016,4250,3986
06/05/2014,4706,4644
09/14/2014,2078,2284
05/14/2015,3756,3866
10/02/2018,4774,2904
07/24/2013,4726,4662
09/14/2020,360,204
11/15/2012,2432,2608
08/10/2020,1387,1058
03/26/2014,2358,2334
04/20/2019,2186,1886
02/03/2016,2362,2212
03/29/2013,3052,3362
12/01/2019,1010,1020
07/21/2019,3200,2866
04/16/2018,2620,1648
04/15/2019,4624,2900
12/10/2020,745,530
05/04/2014,578,662
03/19/2017,1768,2006
06/28/2019,6088,3506
05/21/2014,5126,5332
10/07/2017,1268,1234
06/28/2014,1714,1846
01/28/2018,658,698
08/10/2013,1824,1970
01/16/2016,568,580
09/20/2014,2142,2308
05/02/2018,6350,4314
03/01/2020,1432,1188
04/17/2016,2060,2386
11/07/2019,5774,2806
04/21/2014,3322,3480
12/29/2013,592,776
11/07/2018,4382,2694
05/23/2019,7504,4862
08/17/2014,2306,2586
05/18/2015,4870,4820
09/11/2013,4322,4500
03/04/2013,2654,2928
08/17/2020,1467,992
12/09/2016,710,422
06/26/2015,3880,3858
06/26/2020,1739,1294
06/10/2019,7318,4120
03/23/2018,2208,1248
12/17/2017,446,492
12/31/2012,880,1092
02/02/2018,2512,1744
10/04/2019,4794,2578
08/07/2020,1768,1191
07/10/2016,2082,2376
04/07/2019,1288,1124
06/13/2020,830,693
09/28/2013,408,546
06/18/2014,4540,4760
09/20/2020,1552,1262
05/15/2019,5528,3112
11/14/2019,4982,2392
11/09/2014,616,888
09/06/2020,1639,1382
03/02/2014,374,488
10/18/2012,2948,2898
05/28/2016,1208,1162
02/04/2013,2228,2348
01/15/2016,1942,1882
06/15/2018,5262,3494
03/24/2016,2658,2680
12/19/2014,1834,1906
01/20/2013,668,934
04/06/2016,4240,4200
08/08/2015,1976,2052
06/04/2016,2556,2722
03/08/2020,1402,1186
12/26/2012,830,860
04/14/2016,3238,3244
10/04/2017,5082,3396
10/05/2014,1900,2424
06/10/2016,3456,3100
01/31/2014,1974,2096
11/06/2019,5908,2926
03/06/2016,596,768
01/10/2018,2884,2016
08/31/2019,2732,2238
11/10/2016,3828,3132
02/25/2018,692,704
03/19/2016,1358,1630
01/27/2016,2406,2294
10/25/2018,3144,1922
01/18/2017,1566,1246
03/17/2017,2032,1568
07/13/2014,2068,2528
12/14/2019,806,646
04/03/2014,2594,2652
02/22/2018,1298,746
06/08/2020,1246,953
05/24/2013,3282,3464
09/02/2019,2982,2722
02/11/2018,1100,1076
06/01/2015,2948,3030
09/20/2017,3912,2750
03/03/2017,1822,1304
09/01/2014,2200,2512
06/21/2013,2964,3056
02/24/2015,2746,3386
10/15/2017,1754,1768
08/10/2015,4014,3782
10/19/2013,1020,1248
05/28/2013,3230,3488
05/15/2015,4476,5630
08/24/2015,4186,3958
03/31/2015,2918,1126
12/20/2013,740,738
07/12/2013,3716,3676
07/07/2013,2362,2828
05/06/2020,802,652
06/17/2014,4064,4150
11/16/2016,3350,2510
01/11/2017,2070,1676
09/05/2017,4244,2856
12/28/2014,584,704
03/31/2019,2460,2268
03/01/2018,3378,2242
10/14/2015,3676,3536
05/19/2015,4888,4856
04/28/2015,2680,2810
05/15/2020,1704,1507
10/29/2012,2142,2292
06/19/2015,3468,3366
03/05/2017,712,638
07/22/2017,2370,2306
07/30/2016,2144,2118
01/27/2017,2702,2064
01/10/2013,1750,1870
03/22/2013,1868,1856
09/08/2013,2086,2576
10/16/2012,2954,3118
03/11/2018,2344,2398
04/08/2017,990,960
12/04/2018,3608,2178
12/19/2012,1048,992
12/31/2018,1168,950
10/29/2017,1224,1212
05/23/2013,2946,3100
12/24/2020,569,513
12/12/2018,3194,2014
11/22/2016,2404,1868
10/17/2014,1946,2472
10/07/2013,2974,2906
11/20/2014,3034,2416
05/10/2018,4476,3070
12/18/2018,2530,1402
01/26/2019,1528,1532
02/07/2015,580,678
12/16/2015,2456,2416
06/19/2019,6686,4058
03/26/2019,4604,2880
02/24/2016,3074,2890
12/08/2017,2560,1600
09/12/2013,3950,4140
10/21/2017,452,452
10/08/2018,3222,2052
05/09/2018,5770,3896
07/25/2016,4684,4066
04/28/2017,3722,2908
05/04/2019,2816,2528
11/04/2014,2730,2850
04/26/2020,3162,3170
07/21/2013,2264,2586
12/08/2014,2780,1998
07/16/2018,6074,3654
10/23/2014,2378,2384
04/25/2016,2840,3018
08/20/2014,4256,4122
03/21/2019,5070,2888
11/14/2018,3422,2054
11/30/2012,1608,1572
03/15/2015,214,264
01/03/2014,1896,2158
05/31/2013,4238,4592
06/12/2019,7576,4476
09/19/2019,6518,3422
10/05/2013,1884,2422
12/29/2020,594,448
03/13/2015,2260,3678
06/27/2015,2094,2326
03/05/2019,3738,2370
09/19/2018,5066,3188
04/23/2020,1244,1048
04/03/2015,2560,2662
07/25/2017,5980,4208
02/19/2014,2150,2184
09/01/2019,2684,2224
07/26/2016,5010,4478
09/14/2017,5340,3562
12/02/2018,730,680
12/13/2012,1932,2094
09/29/2017,3460,2480
02/05/2018,3424,2110
01/05/2019,986,964
01/12/2018,2614,1666
03/14/2014,2174,2258
10/06/2016,3672,2888
02/16/2018,2268,1452
11/30/2018,3298,1924
06/01/2020,1483,1186
04/09/2016,2154,2540
09/24/2017,1982,1954
11/15/2018,4064,2406
06/03/2013,4212,4372
08/16/2019,6108,3332
02/06/2018,3470,2190
08/26/2020,1736,1282
01/17/2013,1788,1766
12/03/2017,784,810
08/05/2015,4274,3942
06/17/2020,1885,1441
01/04/2014,1030,1314
07/28/2019,3252,2980
08/03/2013,2038,2476
01/24/2020,3432,1672
11/29/2013,962,1046
08/02/2019,5880,3424
09/15/2017,4792,3440
08/03/2020,1686,1118
10/01/2017,1370,1386
09/24/2018,5448,3508
03/12/2019,2760,1658
04/22/2020,646,426
07/14/2014,4390,4432
03/05/2020,3412,1856
05/27/2014,4940,5124
12/09/2014,1838,2400
12/25/2015,228,300
12/23/2014,1340,1460
01/30/2014,2250,2208
03/16/2019,2060,1620
09/02/2018,2188,2088
08/16/2015,2240,2426
11/23/2014,724,850
02/04/2016,2398,2244
07/03/2017,3544,2656
01/18/2014,982,1288
04/28/2018,690,576
10/09/2013,3496,3678
11/26/2020,374,302
08/25/2017,4948,3196
06/30/2013,2516,2976
10/14/2019,5984,3384
03/21/2018,3982,2578
10/17/2017,3284,2208
08/12/2018,2204,2036
09/14/2019,2430,1898
06/26/2013,2948,2860
12/27/2012,1150,1146
08/19/2017,2296,2044
10/30/2014,2332,2452
05/09/2017,5636,4506
12/05/2012,2240,2360
04/27/2014,1452,1352
04/03/2020,1124,864
06/12/2016,2192,2156
01/08/2014,1900,1996
02/06/2020,2846,1396
12/05/2018,3392,2042
08/13/2013,4480,4458
08/07/2013,4532,4580
12/07/2013,540,642
07/28/2014,4730,4862
03/09/2014,988,1296
05/09/2019,6632,4270
08/16/2016,5016,4324
07/11/2013,4070,4130
03/06/2018,4050,2682
09/15/2013,926,1122
01/22/2015,1630,2736
10/09/2012,3484,3518
01/01/2016,492,632
06/01/2017,4410,3282
09/04/2017,2064,2178
02/21/2017,2240,1634
12/27/2019,1480,796
11/07/2013,1712,1706
09/30/2018,1398,1240
08/22/2014,3924,3746
01/06/2018,632,626
10/17/2016,3116,2480
09/08/2014,3316,4302
04/04/2013,1982,2032
03/14/2018,3692,2392
10/05/2017,4994,3352
03/28/2020,748,710
12/15/2015,2478,2382
07/21/2017,4716,3310
02/28/2017,2226,1690
11/27/2014,410,590
01/05/2020,634,504
10/20/2013,1072,1152
02/24/2018,700,672
05/25/2019,1088,984
06/06/2016,5002,4526
10/25/2017,4168,2696
10/09/2017,4782,3132
09/07/2018,4744,3080
10/05/2020,1411,994
07/31/2014,4860,4810
11/28/2016,3118,2444
09/08/2015,3864,3466
07/27/2015,4298,3906
04/17/2018,4094,2580
04/15/2013,2508,2866
07/03/2016,1914,1648
04/07/2014,4222,4416
02/27/2016,1174,1340
08/07/2014,4584,4522
05/07/2017,1912,2284
08/24/2016,5124,4122
04/16/2017,1588,1536
03/16/2015,3912,1336
09/27/2019,4428,2398
07/27/2014,2416,2838
10/20/2018,1644,1512
09/06/2017,4402,2926
07/24/2020,1551,1107
02/14/2015,1342,1588
07/26/2017,6020,4154
07/06/2020,1647,1096
06/08/2019,3204,2742
08/02/2014,1948,2272
06/11/2019,8100,4756
01/06/2015,1988,3462
05/31/2017,5126,3860
04/02/2013,3204,3370
03/09/2013,2116,2744
07/15/2013,4422,4414
12/06/2016,2248,1696
11/27/2015,842,922
10/13/2013,1392,1638
12/03/2016,788,906
11/04/2015,3436,3428
04/06/2013,720,858
10/07/2014,3306,4422
04/18/2013,1906,2038
09/19/2017,3126,2034
11/08/2012,2672,2710
11/25/2018,936,926
08/22/2015,1948,2232
07/26/2020,1696,1444
06/14/2015,2252,2860
04/01/2015,3394,1460
04/01/2013,3188,3308
08/30/2019,5414,2846
06/11/2017,2142,2092
10/27/2012,484,578
08/11/2015,4638,4422
11/15/2013,2068,2058
01/09/2014,2186,2054
08/09/2020,1875,1615
01/17/2016,432,372
03/04/2014,1996,2110
10/10/2018,4884,3192
01/16/2013,1960,1940
11/12/2014,2968,2516
01/11/2020,700,548
07/07/2015,4642,4628
07/23/2016,2080,2134
11/06/2015,2572,2426
01/13/2014,2502,2558
03/25/2015,1630,2450
03/07/2018,3574,2372
05/10/2017,5712,4286
01/26/2015,2242,4076
09/01/2017,4416,3156
11/03/2016,4130,3140
08/11/2018,4228,1932
12/21/2014,780,908
02/26/2019,3488,2118
08/01/2019,7696,4406
08/16/2020,1356,1019
01/29/2020,3788,1876
05/31/2014,2556,3218
09/25/2019,6998,3860
07/23/2014,1992,1986
06/07/2015,2300,2674
01/09/2019,2920,1830
01/03/2019,2188,1298
07/20/2020,1750,1135
11/15/2016,2782,2168
09/16/2019,6280,3444
10/14/2012,542,854
07/30/2014,5148,4970
12/26/2014,1028,970
05/10/2015,1752,2164
12/12/2015,444,450
04/21/2018,1558,1602
09/14/2016,4944,4048
09/23/2013,2180,2334
07/17/2015,3872,3754
07/11/2014,3964,4372
11/17/2014,2348,3048
02/10/2015,2680,2352
11/22/2012,458,650
12/16/2014,2008,2840
06/15/2014,1094,1440
03/28/2017,2708,1950
01/22/2018,3456,2166
05/23/2018,6736,4528
04/30/2013,3290,3514
10/04/2014,1760,2120
01/20/2020,2350,1180
11/08/2018,4128,2526
05/07/2018,5906,3726
10/20/2019,682,578
12/12/2016,2304,1712
04/19/2018,4838,3428
03/16/2016,3196,3032
03/24/2014,3586,3686
11/29/2018,4002,2470
03/10/2013,904,1188
07/22/2019,7370,4088
04/07/2015,2496,3600
03/25/2013,3120,3198
07/01/2013,4082,4332
07/25/2015,1306,1462
10/03/2019,5526,2990
06/17/2015,4832,4590
09/04/2020,1606,1165
07/13/2020,1810,1368
09/23/2014,3030,3802
08/05/2019,7416,4198
12/28/2018,982,662
09/15/2018,1384,1272
11/05/2014,3106,2438
10/23/2020,576,396
12/16/2016,1756,1260
04/13/2014,2322,2972
11/18/2018,1398,1404
10/02/2017,4762,3102
10/01/2013,2634,2826
07/05/2014,1944,2008
09/27/2016,4590,3774
03/24/2015,1746,2754
06/14/2016,3406,3022
02/24/2014,1506,1608
12/26/2017,660,448
11/02/2012,2266,2690
02/12/2019,158,88
01/30/2017,3034,2256
12/25/2014,396,506
08/12/2015,4520,4286
07/13/2019,3366,2806
04/24/2014,2482,2540
11/29/2017,3706,2532
02/08/2019,922,484
04/16/2020,2916,2870
08/13/2020,1799,1280
01/12/2015,1944,3396
09/12/2014,3834,3972
05/14/2019,4142,2474
05/18/2020,1307,1123
01/29/2014,1802,1996
11/28/2012,2024,2044
02/03/2020,4532,2242
10/15/2012,2146,2400
04/05/2015,1590,1868
03/18/2019,5396,3236
02/29/2020,1410,886
02/18/2016,2432,2234
11/20/2013,2778,2890
07/20/2014,1452,1618
07/24/2015,3928,3328
07/02/2017,2216,2294
09/25/2020,641,454
12/24/2013,958,1206
04/23/2017,678,640
04/26/2019,4748,2930
09/08/2018,1902,1598
03/26/2015,2874,4118
11/09/2015,2416,2182
05/29/2016,944,854
05/16/2015,1534,1776
03/23/2013,1562,1942
08/26/2017,2378,2104
12/02/2013,2168,2398
06/28/2016,5096,4394
03/15/2020,1376,1150
01/09/2015,2328,2652
03/15/2014,1086,1268
03/29/2016,4004,3848
02/11/2017,1042,1004
11/04/2012,926,1096
03/04/2015,2796,2862
09/10/2017,2194,2038
12/10/2016,428,414
07/23/2019,7300,4178
12/28/2016,1656,1288
04/19/2020,3552,3702
06/17/2018,2860,2486
06/28/2020,1575,1260
12/30/2020,309,231
10/06/2015,3966,3804
10/01/2015,4158,4044
08/03/2014,2374,2660
12/21/2013,420,620
05/24/2016,4826,4476
05/24/2020,1891,1624
05/01/2020,1687,1465
03/20/2014,2508,2874
12/14/2018,2768,1740
08/06/2017,2278,2066
10/12/2018,4460,2646
09/15/2016,4708,3726
01/30/2015,2498,2726
04/24/2019,5380,3482
02/02/2019,1566,1240
06/14/2017,5114,3684
10/24/2019,6112,3222
02/07/2016,972,1048
09/17/2014,3728,3722
12/01/2012,592,676
10/23/2016,1128,1090
11/18/2014,2858,2808
09/25/2017,4104,2758
02/09/2014,232,210
06/09/2014,4176,4080
04/23/2015,2422,2494
01/22/2013,1962,1968
06/05/2019,6796,3958
09/28/2018,4966,3264
08/11/2019,2528,2294
04/22/2015,3254,3448
07/24/2019,7418,4296
09/08/2019,1298,1214
05/28/2015,5120,5164
09/30/2016,4040,3450
06/19/2014,4328,4496
09/04/2018,5692,2952
12/27/2013,1020,1112
04/15/2014,3098,3314
09/05/2019,7324,4112
06/07/2018,5728,3702
05/02/2017,4144,3248
07/14/2018,2696,2566
05/26/2014,2058,2520
05/19/2018,2476,2422
01/18/2020,656,628
09/21/2014,2104,2330
05/03/2016,5428,5198
04/22/2019,3740,2210
06/24/2014,4272,4412
02/15/2020,770,624
01/10/2015,764,778
11/27/2019,3372,1780
11/21/2014,1718,1798
02/28/2016,554,774
01/24/2014,2376,2666
09/26/2020,1146,987
06/29/2014,2100,2524
12/05/2013,1900,1976
06/26/2016,2514,2486
01/25/2016,2914,3022
10/19/2017,2606,1728
05/12/2017,3600,2500
10/22/2019,4958,2488
09/02/2016,2342,1898
01/08/2016,2378,2390
11/24/2014,2102,2734
02/17/2013,796,942
04/09/2015,3594,3746
01/21/2018,398,406
10/14/2018,1878,1680
08/21/2013,4446,4338
11/22/2015,866,1050
10/13/2014,2776,3934
08/24/2019,2748,2260
01/07/2015,2016,3634
02/16/2016,2578,2360
12/15/2019,716,638
07/27/2018,5510,3508
01/12/2016,2034,1922
11/25/2016,1032,902
08/08/2014,4110,3802
02/07/2017,1612,1194
12/08/2016,1770,1438
04/10/2015,3188,1250
10/10/2015,476,602
01/14/2016,2614,2632
06/03/2015,3662,3654
02/06/2015,1314,1908
09/27/2015,1352,1790
01/15/2017,774,852
01/19/2015,1866,2098
07/12/2020,1259,993
11/23/2017,404,336
03/25/2017,1658,1528
06/03/2014,4598,4742
12/26/2015,476,500
09/17/2013,3250,3318
07/15/2019,6050,3470
01/01/2013,668,688
11/12/2013,2376,2456
01/15/2019,4210,2556
07/22/2014,4724,4832
12/22/2018,608,574
11/07/2014,3652,2504
01/18/2018,2754,1784
10/31/2015,468,520
03/26/2018,2838,1826
05/22/2015,3666,3670
05/30/2013,3882,4044
06/30/2015,4712,4598
05/14/2017,956,1076
12/30/2016,1190,992
07/30/2013,4628,4452
12/20/2016,2094,1566
04/25/2018,5950,4170
08/31/2018,4114,2388
01/06/2016,2688,2680
04/28/2013,1052,1328
01/13/2013,448,670
06/25/2016,2106,2340
01/14/2015,2012,3234
04/17/2017,3066,2240
02/16/2015,2062,2360
05/25/2017,5612,4272
08/25/2016,4742,4022
02/04/2015,1654,2848
09/11/2020,539,358
11/29/2016,3340,2712
05/26/2015,4328,4180
10/12/2017,3288,2136
12/25/2018,282,314
09/24/2016,1590,1830
01/17/2017,1982,1508
10/11/2015,1326,1570
01/28/2020,3642,1816
06/09/2013,1796,2366
06/23/2018,2442,2180
04/08/2020,2334,2152
02/02/2017,2596,2112
03/09/2020,2998,1960
11/22/2014,1008,1100
04/06/2017,2610,2118
06/12/2015,3696,3842
01/19/2014,756,888
06/23/2020,1797,1291
11/05/2019,6050,3058
04/02/2015,2146,3510
02/17/2017,2884,2354
02/16/2019,460,380
01/04/2013,1752,1672
11/21/2017,2132,1282
09/23/2020,538,346
06/10/2020,1827,1489
01/31/2016,768,862
09/22/2013,762,830
05/13/2014,6016,6160
07/19/2016,4630,4326
07/16/2019,7172,4302
11/24/2012,794,896
01/05/2015,1356,2290
05/09/2014,2960,3112
03/28/2013,2644,2768
02/19/2020,4726,2220
04/06/2020,2400,2004
01/12/2013,672,682
03/29/2015,1132,1684
01/09/2020,3684,1844
02/09/2020,1720,1474
01/18/2015,444,498
11/26/2015,546,518
02/08/2013,2084,2238
03/19/2020,2662,2032
04/21/2019,1724,1396
07/02/2013,4590,4802
01/29/2016,2008,1970
08/22/2013,4084,4256
09/29/2018,2060,1816
10/28/2017,1816,1812
09/25/2018,5722,3434
02/25/2019,3220,2066
08/12/2020,1652,1199
12/27/2015,204,200
10/16/2015,3418,3512
09/22/2015,4722,4380
05/09/2020,1714,1882
01/22/2014,2622,2762
02/01/2014,968,1300
06/26/2017,5046,3694
08/31/2015,3026,2620
07/16/2014,5054,4964
04/23/2013,3878,4006
08/16/2014,2332,2436
04/25/2017,3830,2882
11/20/2015,2606,2434
12/10/2014,1498,2416
03/20/2013,1480,1534
08/12/2016,4302,3444
05/01/2014,5748,6126
10/31/2020,1461,1229
08/29/2020,1542,1242
02/01/2013,2032,2184
05/29/2014,4574,4600
05/27/2017,2484,2326
01/23/2016,442,394
08/09/2018,5920,3780
07/31/2013,4064,4180
02/24/2020,5056,2402
12/07/2017,3214,2166
09/30/2013,2188,2330
01/14/2014,2778,2838
11/16/2019,1286,1134
07/14/2013,2352,2928
05/04/2017,3858,3094
10/13/2016,1604,1350
01/27/2018,616,514
02/06/2019,1002,602
03/06/2019,2836,1658
08/08/2013,4200,4350
03/14/2019,3788,2372
10/12/2020,1161,809
10/16/2016,468,510
01/13/2020,1564,770
03/12/2014,3506,3824
07/13/2015,4192,3946
02/17/2016,2458,2426
04/09/2014,3828,3828
02/27/2017,1204,890
01/20/2019,824,834
08/25/2020,1821,1276
04/14/2019,1020,950
09/23/2017,2250,2164
12/16/2019,4798,2300
07/09/2015,4516,4442
06/25/2013,2592,2706
12/13/2014,1124,1282
08/08/2017,5700,3940
06/22/2019,3062,2494
09/01/2013,2050,2526
02/07/2014,1500,1644
07/07/2019,2210,1918
11/19/2018,4220,2418
09/13/2018,4646,2926
01/31/2013,1894,1948
05/25/2014,1128,1340
08/06/2018,6248,3812
05/22/2016,1924,1992
11/14/2020,592,546
11/22/2013,2188,2472
11/20/2017,2436,1540
11/13/2018,4334,2580
04/07/2016,4596,4570
01/23/2017,2946,2324
10/29/2014,3810,2982
12/15/2020,484,325
10/04/2016,3180,2782
12/26/2020,379,401
11/28/2017,2920,1742
03/07/2015,2116,2446
10/21/2019,4124,2176
05/19/2017,5788,4996
08/06/2016,2054,1902
04/27/2017,3404,2518
12/10/2012,2184,2140
11/20/2019,5952,3102
03/04/2019,3630,2276
06/11/2018,6028,3600
03/10/2020,2738,1608
11/27/2017,3802,2394
03/16/2014,320,430
07/11/2016,4504,3786
01/24/2018,2470,1624
08/07/2019,7166,4102
12/13/2015,468,512
06/29/2020,1582,1167
04/12/2019,3496,2386
02/01/2017,2658,2154
02/14/2017,3282,2526
11/26/2016,452,404
11/29/2015,624,586
10/14/2017,1502,1230
11/25/2020,842,610
01/01/2017,328,324
08/27/2013,3858,3926
11/23/2013,1048,1372
03/15/2013,2366,2344
04/17/2015,3278,3630
12/18/2017,2200,1336
03/17/2020,2264,1620
01/21/2017,1512,1214
09/04/2019,7376,4184
01/08/2015,1918,3302
10/18/2020,462,358
08/23/2020,1763,1458
02/04/2020,3506,1736
06/22/2015,4444,4468
06/28/2013,4008,4190
01/13/2017,1904,1504
09/10/2014,4640,3390
10/26/2014,818,1014
07/19/2017,6054,4122
05/05/2019,2706,2424
07/05/2016,3394,3048
08/20/2017,1880,1796
10/21/2016,3032,2486
04/09/2019,4190,2504
09/13/2016,5062,4060
08/04/2018,2424,2370
10/03/2014,2982,4436
01/04/2019,2740,1618
10/26/2015,2424,2306
06/07/2014,2556,3058
04/30/2020,2136,1850
11/17/2020,571,364
09/28/2015,3910,3814
11/24/2019,1364,1156
07/05/2018,5334,3288
03/07/2013,2164,2136
10/22/2017,1234,1336
06/22/2014,2606,2822
04/15/2020,2404,1984
08/08/2016,3886,3140
01/30/2020,4026,2024
01/31/2015,1146,1326
07/15/2018,2212,2174
10/07/2020,1399,887
05/24/2014,2062,2248
03/01/2017,2662,2058
09/11/2015,3796,3726
10/17/2018,5252,3336
04/08/2019,3362,2036
06/27/2020,555,412
06/16/2020,1529,1187
08/27/2019,8006,4414
01/23/2020,3026,1492
05/17/2014,1850,2232
09/17/2016,924,918
08/10/2019,5116,1878
05/22/2013,2786,2934
06/04/2014,4800,4926
05/31/2016,4898,4900
04/16/2016,2128,2434
08/06/2019,7590,4100
09/29/2019,1636,1212
11/26/2018,2550,1348
11/30/2016,2630,2152
10/30/2017,4784,3104
01/11/2015,724,896
10/01/2018,3988,2450
07/16/2017,2176,2086
09/20/2015,1182,1424
02/26/2015,1708,2804
09/21/2018,4174,2636
02/23/2014,620,762
09/10/2018,4588,2792
08/15/2017,5718,4112
03/01/2016,1944,1774
10/28/2014,2236,2286
04/29/2019,5716,3316
04/08/2015,2548,4154
07/02/2015,3934,3940
02/28/2014,2722,2936
05/12/2013,1114,1412
08/24/2020,1551,1156
12/18/2016,450,462
02/10/2017,1942,1472
05/21/2020,613,443
03/24/2013,1238,1532
05/07/2013,4900,5306
06/15/2017,2562,1810
04/30/2019,6168,3688
03/21/2020,2716,2640
12/01/2013,596,766
02/12/2015,2036,3358
12/18/2020,479,316
05/27/2019,4054,3528
10/14/2014,3100,3294
04/08/2014,2730,2882
01/24/2013,1904,2006
07/10/2017,5604,4008
05/13/2013,3308,3426
11/01/2020,1234,1099
08/14/2019,7948,4398
10/18/2016,3206,2772
04/19/2019,2862,1580
04/14/2018,480,398
05/20/2015,4574,4586
10/08/2015,3638,3538
06/04/2020,1498,1173
12/27/2020,478,398
03/12/2017,652,820
02/23/2020,980,826
03/03/2014,1634,1806
03/18/2020,2656,2058
02/24/2017,2056,1664
09/07/2019,2298,2010
08/14/2013,4074,4268
03/09/2017,2084,1412
05/26/2018,2284,2072
02/04/2014,2098,2084
05/11/2013,2186,2776
02/15/2018,3144,2144
10/04/2013,3070,3358
06/01/2019,3284,2834
06/08/2017,2858,2102
01/10/2020,2756,1218
03/12/2020,2438,1436
02/02/2014,990,1200
12/24/2012,540,608
07/29/2017,2482,2388
03/08/2016,2968,2834
05/07/2019,6948,4340
12/02/2020,985,735
01/05/2016,2208,1948
02/08/2017,1640,1232
09/07/2015,1796,2214
12/11/2017,3034,1786
08/17/2015,4346,4292
07/26/2018,6314,3966
07/15/2017,2562,2290
05/29/2017,2520,2272
03/27/2017,2950,2244
10/25/2012,2704,2722
10/10/2013,3026,3318
11/07/2016,3686,2800
11/11/2017,696,606
06/07/2017,5690,4454
06/16/2016,4550,4088
03/27/2018,3060,1980
05/07/2014,5174,5736
12/15/2017,2284,1600
07/17/2014,4450,4620
11/30/2015,2394,2264
11/10/2020,763,510
08/31/2020,1399,1013
09/21/2013,1716,2148
11/03/2013,1226,1416
06/04/2019,7120,4462
01/01/2020,924,782
11/03/2020,504,321
08/16/2013,3866,3772
11/27/2016,472,508
08/20/2018,3824,2136
05/04/2013,2492,3332
04/12/2020,3090,2946
09/12/2017,5706,3918
09/17/2020,551,386
01/16/2017,1598,1286
06/18/2020,1875,1492
10/03/2017,5320,3514
03/27/2013,2528,2706
01/20/2015,2678,3176
11/15/2017,2680,1750
06/30/2020,1033,670
11/14/2016,3534,2634
12/24/2015,572,612
09/07/2013,1734,2026
12/08/2018,866,786
06/22/2016,5022,4426
09/03/2018,2332,2118
12/24/2018,810,740
11/09/2012,2310,2502
08/12/2017,2238,2172
11/12/2015,2620,2530
08/02/2016,3704,3410
05/31/2018,5476,3684
08/18/2019,2910,2374
12/11/2018,2692,1600
10/11/2020,359,321
10/21/2015,3562,3422
12/31/2017,686,782
05/17/2020,1659,1695
01/13/2015,2018,3514
06/23/2014,4532,4422
08/01/2017,6066,4266
02/06/2014,1510,1614
11/13/2013,2978,3156
10/08/2020,1419,942
05/10/2014,1516,1934
06/23/2015,4994,5002
06/18/2013,4520,4532
06/22/2018,4742,3190
05/15/2017,3352,2484
11/09/2013,1098,1288
08/09/2016,4428,3894
02/29/2016,2636,2422
02/16/2014,422,548
09/29/2016,4434,3552
11/12/2016,900,862
05/14/2020,1107,869
10/22/2020,1265,796
11/05/2017,322,308
04/03/2013,3494,3478
06/13/2017,4058,2796
08/14/2016,2878,2326
04/02/2017,1482,1460
04/05/2020,2482,2330
10/19/2012,2024,1930
01/07/2020,3956,2012
04/27/2015,4030,4250
11/04/2016,3554,3082
08/01/2014,4108,4104
02/26/2016,2418,2372
11/17/2017,3348,2174
11/24/2020,505,332
03/25/2020,963,753
09/28/2014,1650,1986
02/15/2016,1052,902
05/31/2015,2142,2360
04/24/2016,428,498
03/01/2014,802,1176
06/18/2015,4272,4296
06/15/2016,4630,4146
08/15/2016,4740,3992
12/06/2017,3488,2316
11/30/2013,846,884
05/06/2013,4944,5188
05/21/2017,2276,2586
03/02/2017,2540,1856
05/12/2015,3752,3554
02/21/2013,1878,1904
10/29/2015,3102,2912
09/09/2020,1195,851
04/01/2019,5404,3258
10/19/2019,928,724
03/13/2019,3812,2266
07/30/2017,2348,2090
05/21/2015,4706,4830
05/14/2013,4460,4690
11/01/2016,2772,2228
06/07/2019,4092,2482
07/01/2019,7188,4222
11/19/2017,664,744
07/18/2018,6338,4234
05/03/2014,1062,1252
07/03/2015,2180,2446
03/21/2013,1922,1926
10/27/2014,3754,2906
11/09/2017,2782,1870
10/28/2020,1169,755
03/14/2013,2126,2278
05/12/2016,5270,5048
06/27/2018,6038,3846
11/09/2018,3190,1808
02/25/2013,2018,2154
10/14/2016,970,914
01/03/2017,1956,1516
03/31/2013,2176,2550
12/11/2015,2130,1984
05/13/2017,1328,1338
03/20/2020,2694,2220
07/30/2019,7328,4210
04/19/2013,1370,1400
12/14/2014,1110,1354
06/18/2019,4934,2938
02/18/2015,2146,3708
07/20/2017,5432,3798
12/12/2012,1858,1838
07/11/2015,1970,2136
11/23/2019,1390,1178
08/09/2019,6492,3590
06/26/2014,3818,3896
05/07/2015,4782,5050
06/12/2017,4646,3366
09/29/2015,4478,4194
08/18/2020,1719,1172
04/25/2020,2150,2094
04/19/2017,2992,2158
08/23/2013,3442,3450
04/06/2015,2448,3462
12/04/2017,3556,2270
04/04/2018,2636,1854
10/19/2020,924,519
09/06/2018,6022,3742
04/28/2020,1970,1736
09/07/2017,4640,3118
01/11/2014,376,470
03/22/2015,938,1176
07/16/2016,2086,2052
02/14/2014,1760,1812
07/29/2018,2392,2140
06/20/2014,3776,3804
09/12/2015,2026,2356
05/03/2020,1541,1469
01/23/2015,1326,2228
07/18/2014,4072,4198
01/18/2013,1550,1620
10/22/2012,2082,2176
08/09/2013,3848,3818
02/11/2020,4686,2262
02/28/2018,2452,1492
12/29/2015,1528,1488
10/22/2015,3680,3532
07/12/2014,2472,2488
08/17/2018,4874,3248
05/04/2015,4508,4532
03/11/2020,2848,1692
01/07/2018,448,448
12/03/2018,3870,2312
03/14/2016,2186,2108
11/05/2013,2754,2824
05/20/2020,867,656
09/25/2013,3070,3134
03/20/2017,3160,2276
08/22/2020,1822,1503
04/21/2016,4234,4318
05/17/2016,5374,4956
03/06/2017,2690,2000
05/26/2020,1325,1101
11/06/2013,2890,2946
10/01/2020,1354,903
07/20/2015,4392,4034
05/20/2017,2616,2484
07/08/2016,4582,3366
10/25/2016,3710,3050
09/12/2020,179,164
12/24/2019,1074,630
01/17/2020,3028,1544
07/25/2019,7228,4440
12/31/2014,1236,1426
10/06/2018,1650,1318
12/04/2020,1072,792
10/13/2012,702,830
10/15/2020,1468,991
04/26/2013,3346,3568
02/25/2014,2484,2642
05/06/2014,4430,4842
05/13/2018,2602,2584
09/27/2014,2132,2518
02/28/2019,3370,2112
11/15/2019,4348,2088
10/13/2018,1752,1736
05/26/2016,4086,3854
11/05/2012,2760,2860
10/26/2016,2186,1684
10/17/2019,3896,2040
10/14/2020,1483,1052
08/12/2014,3756,3778
08/24/2013,1938,2122
04/30/2016,2136,2354
03/31/2017,3284,2690
10/27/2019,1922,1588
02/03/2017,1312,930
08/17/2013,2154,2284
11/19/2019,4940,2350
12/23/2017,588,584
01/09/2018,2680,1750
07/21/2015,4332,4204
12/30/2019,2416,1190
07/09/2020,1417,994
06/25/2017,2188,2140
03/15/2016,2576,2502
10/09/2014,3114,4212
04/27/2016,3788,3798
09/19/2014,3682,3786
05/25/2016,4670,4336
05/03/2015,1956,2514
10/29/2013,2892,3812
11/16/2015,2484,2322
04/22/2013,3426,3840
06/11/2013,3590,3766
12/30/2014,1488,1512
12/14/2015,2556,2486
05/24/2017,5172,3898
01/20/2014,1850,1898
07/27/2019,2584,2148
09/01/2016,3756,2924
10/20/2016,2194,1826
04/03/2019,3984,2384
10/27/2015,3858,3652
01/14/2017,658,804
06/13/2018,3380,2160
12/19/2015,732,884
04/13/2019,872,722
08/19/2019,7022,3620
05/10/2019,6232,4026
11/18/2012,346,438
05/09/2015,2636,2870
03/13/2016,328,340
05/05/2018,2442,2548
01/02/2016,674,792
12/02/2012,466,588
08/27/2017,2108,2104
12/25/2016,250,270
07/30/2018,5930,3672
08/19/2013,4210,4024
07/01/2014,5002,5292
04/16/2013,3020,3132
09/26/2016,4768,3996
10/31/2013,2532,2614
04/02/2016,1908,2028
01/06/2019,610,616
04/14/2020,2518,2230
07/25/2013,4454,4492
10/15/2014,2280,2830
12/07/2016,2182,1698
09/16/2016,4098,3366
07/04/2019,4572,3352
11/30/2014,500,486
07/08/2013,4334,4360
12/23/2018,354,322
01/03/2013,1826,1780
02/25/2020,5074,2420
11/17/2015,1810,1766
09/30/2014,3026,4098
02/26/2017,460,488
07/22/2020,1608,1117
08/10/2014,2340,2760
05/03/2013,4446,4594
12/07/2020,832,531
03/25/2018,1486,1454
12/14/2017,3074,2064
06/02/2016,4308,3862
04/15/2017,1766,1846
06/17/2017,1820,1598
08/28/2018,6118,3970
04/29/2018,1500,1500
10/29/2020,1307,847
04/04/2016,2834,2774
09/30/2015,4126,3984
02/09/2016,3524,3386
05/28/2017,2926,2416
06/05/2013,4932,5144
04/02/2018,4102,2744
07/27/2020,1519,982
12/22/2019,728,678
12/08/2020,508,347
08/20/2013,4658,4390
05/08/2013,4828,5116
11/04/2019,6156,3036
09/21/2020,1391,982
06/27/2017,5442,3962
10/11/2014,966,1296
08/01/2016,4500,3998
09/26/2015,1738,1798
07/21/2018,2788,2550
11/28/2018,2932,1770
01/07/2016,2604,2560
04/29/2014,4662,4944
08/31/2016,3962,3250
12/29/2018,322,316
05/21/2018,6174,4036
06/03/2018,1338,1350
12/21/2018,2298,1526
04/18/2015,2146,2656
05/01/2013,4804,5230
04/07/2018,684,644
12/29/2014,1640,1642
10/11/2019,5232,2856
03/19/2014,2166,2218
09/21/2015,3962,3648
06/02/2017,4604,3476
12/30/2017,764,686
12/28/2013,784,966
10/04/2020,888,640
10/23/2018,4362,2596
04/09/2018,4466,2996
08/08/2018,6234,4190
02/01/2016,2812,2642
09/04/2013,3874,3786
04/25/2013,3962,4370
10/20/2017,2696,1886
08/27/2018,5206,3200
02/26/2013,2488,2506
09/10/2015,4138,3922
08/23/2019,5844,3110
10/22/2018,4308,2582
12/23/2015,1234,1204
01/25/2014,1282,1600
08/08/2019,7014,3936
06/24/2019,6172,3724
11/13/2017,2498,1656
07/04/2017,3182,3016
01/21/2016,1388,1348
02/09/2019,96,38
06/25/2019,7532,4588
04/24/2017,3486,2644
01/26/2014,1362,1496
09/18/2020,433,316
07/26/2019,7874,4864
08/23/2016,5120,4250
08/22/2016,4784,3800
09/24/2019,6080,3268
02/14/2018,2660,1900
10/02/2016,1602,1570
03/17/2018,1436,1370
08/11/2020,1802,1197
09/28/2019,2022,1696
02/22/2013,1380,1340
11/19/2013,2286,2332
04/22/2017,1048,1002
02/05/2019,418,270
01/02/2018,3078,1918
10/05/2018,2794,1700
01/02/2015,1142,1286
08/22/2017,5316,3662
12/03/2013,2172,2250
04/16/2015,3844,4160
11/13/2012,2074,2100
06/23/2019,1934,1568
04/04/2020,2840,2604
06/22/2013,3234,3052
04/30/2014,4958,5376
08/05/2016,4066,3644
02/13/2013,2032,2100
04/12/2018,2896,1894
09/03/2015,3254,3064
02/14/2016,638,574
04/25/2019,4920,3020
01/16/2019,4166,2554
12/05/2020,1347,1175
12/30/2015,1458,1462
11/09/2016,3096,2468
12/12/2019,3610,1780
04/11/2016,3342,3108
01/04/2015,348,330
04/10/2017,2728,1952
05/03/2017,5068,4018
03/05/2015,2154,3344
12/06/2019,4552,2064
06/02/2020,1195,929
08/06/2020,729,495
08/21/2020,1060,720
05/09/2013,4570,4756
10/26/2012,2068,2078
08/04/2015,4744,4566
05/25/2020,418,354
08/26/2018,1386,1470
10/09/2015,3232,3006
07/30/2015,4496,4262
03/27/2014,2236,2478
06/19/2013,3604,3706
03/26/2016,1756,1854
01/22/2017,428,438
11/17/2016,3464,2650
03/09/2018,3120,2076
02/27/2013,2342,2326
11/17/2012,584,696
12/17/2019,4952,2446
06/12/2014,3958,4196
10/07/2012,1902,2382
06/06/2017,5932,4348
03/23/2019,1948,1690
11/29/2014,352,338
11/08/2019,4984,2688
09/05/2016,1456,1576
05/28/2018,2606,2242
03/10/2018,1958,1956
08/22/2018,3026,1696
07/13/2016,4908,4484
06/28/2018,5414,3360
06/21/2020,1484,1188
05/08/2015,4408,4496
01/16/2020,3102,1612
08/21/2014,4296,4352
10/07/2016,2780,2210
03/14/2017,2302,1608
12/19/2013,2024,2126
06/20/2015,2316,2330
07/19/2020,1583,1385
02/13/2018,3432,2132
10/11/2013,2236,2432
12/20/2012,1102,1052
12/01/2018,800,748
12/16/2020,527,314
10/02/2019,6332,3258
05/23/2016,4464,3950
11/25/2015,2088,1944
01/24/2019,3890,2398
11/01/2018,3842,2334
04/04/2019,4976,3136
08/19/2020,1835,1288
06/17/2013,4198,4306
12/08/2013,460,486
03/05/2016,1632,1768
12/22/2015,1716,1554
11/13/2016,610,602
05/02/2014,4412,4804
11/18/2013,2092,2132
08/18/2016,4752,4130
07/11/2017,5860,4116
07/09/2018,5962,3634
03/22/2016,2698,2524
07/16/2020,1658,1228
11/24/2018,1108,918
09/05/2013,2140,2356
02/11/2013,2138,2152
04/16/2014,2130,2136
12/20/2018,1876,1114
05/12/2019,1898,1698
10/17/2013,3058,3444
05/11/2014,2152,2600
11/13/2020,790,558
12/13/2020,299,221
04/13/2017,2876,2098
10/26/2019,1638,1278
08/25/2019,3336,2468
07/10/2014,4644,4956
11/30/2017,2424,1724
06/20/2018,6404,4090
08/29/2016,4676,3970
12/02/2014,2204,2074
01/21/2015,1900,3204
12/19/2019,2958,1472
08/24/2018,4326,2794
09/05/2014,4130,4244
12/23/2012,376,506
04/09/2013,2792,3008
09/27/2017,5580,3936
05/02/2020,446,437
01/07/2014,2022,2142
04/30/2017,1194,1236
06/02/2014,4974,4854
03/31/2020,593,471
09/17/2015,2586,2320
02/16/2013,888,1146
11/28/2020,492,357
01/17/2014,2184,2436
10/13/2015,3478,3442
10/19/2016,3810,3162
11/11/2012,602,654
10/26/2013,1280,1454
06/30/2019,3986,3082
08/16/2017,5818,4202
06/30/2016,4568,4060
08/19/2015,4726,4370
11/20/2018,3894,2206
04/09/2020,3062,2494
09/09/2018,1900,1602
12/04/2014,2290,1902
02/06/2017,450,286
01/21/2020,3688,1728
01/27/2019,902,976
01/02/2020,2992,1328
02/28/2015,1858,2178
12/27/2017,1158,836
12/29/2016,1246,1022
06/11/2020,1344,1079
04/06/2018,3642,2502
06/16/2013,1972,2632
09/04/2016,1634,1934
10/31/2016,2512,1884
01/11/2016,2208,2100
05/29/2018,5434,3462
11/20/2020,687,463
03/21/2015,1308,1450
01/08/2018,3504,2314
08/03/2019,3564,2660
06/21/2015,2002,2338
11/02/2019,2058,1870
06/12/2013,3934,4076
05/19/2014,4644,4760
07/07/2020,1308,933
03/20/2016,528,554
11/18/2016,3066,2372
04/27/2013,1102,1326
12/06/2013,1666,1722
09/29/2020,1700,1239
09/27/2018,5214,3382
12/20/2017,2582,1684
04/15/2016,2932,2804
10/07/2019,5048,2760
05/08/2014,3154,3306
03/07/2014,2498,2622
07/06/2014,2610,3154
03/05/2018,3358,2126
03/28/2015,1620,1972
03/28/2014,1492,1558
03/29/2019,4336,2840
01/23/2014,2604,2694
08/28/2019,7352,4038
11/21/2013,2460,2550
07/23/2015,4450,4268
08/18/2017,4752,3134
03/11/2016,2224,2228
09/24/2014,2098,2234
02/19/2013,2506,2666
04/21/2015,3164,3322
09/27/2013,2084,2214
10/03/2018,4770,2992
05/02/2016,5756,5556
10/06/2014,3586,4562
05/31/2020,827,721
08/22/2019,6764,3844
11/03/2018,678,684
04/04/2015,1716,2258
06/13/2013,3808,4022
11/18/2017,1542,1418
08/28/2016,1520,1550
12/05/2016,1706,1320
09/07/2014,2020,2408
01/24/2016,894,1210
04/23/2018,5314,3598
11/01/2013,2710,2914
01/19/2016,2458,2260
07/02/2014,4858,4626
10/28/2019,5686,2958
10/27/2017,4192,2848
12/18/2012,1680,1724
07/09/2016,2008,2050
05/11/2017,3444,2392
06/23/2013,1464,1824
07/07/2017,5878,3722
05/05/2020,1428,1246
04/02/2019,5532,3390
06/11/2016,1518,1802
07/17/2013,4138,4204
04/27/2019,1666,1372
01/02/2019,2996,1790
06/05/2015,4436,4230
06/18/2018,6362,3920
05/02/2013,4684,5070
09/23/2018,1702,1768
02/19/2017,590,538
10/31/2019,5134,2520
12/15/2016,2128,1622
03/04/2020,4942,2488
01/08/2019,2978,1830
12/24/2017,228,268
04/29/2013,2634,2752
12/31/2019,1440,844
03/17/2015,3284,1314
01/04/2018,3090,2066
09/11/2017,5670,3690
05/17/2015,1832,2190
02/18/2020,4596,2134
01/25/2018,2784,1766
05/19/2016,3340,3178
03/30/2018,3398,2284
07/06/2019,3292,2656
04/11/2017,3838,2836
02/15/2015,1670,2002
03/01/2015,1538,2006
10/04/2015,1750,2200
10/11/2018,4796,3150
06/21/2016,4670,4180
05/30/2015,2140,2476
05/08/2020,1775,1453
01/14/2019,4970,3004
05/30/2017,4076,2906
12/14/2020,650,442
07/15/2016,4128,3544
03/16/2013,936,1190
12/21/2012,1254,1210
07/03/2013,4212,4298
02/05/2015,1256,2132
08/01/2015,2132,2306
06/28/2017,5254,3864
11/11/2020,975,732
07/31/2017,5852,3992
01/28/2016,2236,1950
10/29/2016,814,762
02/22/2019,2070,1236
06/25/2018,4364,2752
07/27/2016,5172,4416
06/04/2013,4932,5310
04/26/2014,2002,2096
06/09/2015,4992,4878
08/01/2013,3644,3794
12/04/2012,1980,2042
08/30/2017,5472,3692
08/26/2013,3214,3266
05/06/2016,4624,4810
05/09/2016,4970,4734
05/21/2013,2434,2528
08/29/2018,5448,3522
12/07/2015,2056,2026
03/29/2020,1429,1438
02/07/2020,2970,1518
03/03/2013,1402,1978
07/21/2014,4480,4570
09/22/2014,3340,4232
08/29/2017,5668,3918
11/16/2020,471,272
12/26/2019,1402,732
07/24/2014,2972,3032
11/20/2012,1714,1768
12/19/2020,422,392
04/29/2017,1282,1434
07/12/2016,4620,4148
10/06/2013,1908,2432
03/30/2019,2596,2478
02/05/2014,2662,2514
11/24/2015,2094,1810
09/09/2013,3972,3814
08/25/2015,4490,4456
01/22/2019,3416,1966
09/19/2016,3300,2846
11/17/2018,1672,1674
11/08/2014,2492,1216
12/13/2016,2558,1990
08/19/2016,4176,3272
07/28/2017,5122,3500
06/17/2019,6666,4100
10/11/2012,2936,3158
01/04/2020,1034,818
09/19/2013,3740,4496
11/03/2014,2438,2568
10/15/2019,6104,3192
11/27/2012,2492,2602
07/08/2015,4716,4806
12/22/2016,1564,1252
11/28/2013,542,622
06/14/2018,5016,3134
12/09/2018,290,294
07/31/2019,7636,4672
06/14/2014,1636,1910
11/24/2016,220,138
07/07/2014,4404,4508
10/05/2019,2364,1762
07/22/2018,2362,2310
06/24/2016,2870,2360
05/22/2018,6950,4624
03/10/2017,2238,1704
11/02/2017,3524,2214
03/11/2013,2212,2288
11/01/2017,4054,2662
06/27/2014,2830,2912
07/12/2018,6476,4188
05/15/2013,3824,3968
05/12/2020,853,691
07/04/2013,3822,3676
03/24/2019,1778,1634
02/10/2018,1444,1546
04/02/2020,1562,1318
07/11/2018,6500,4306
12/13/2018,2756,1608
11/28/2015,718,878
09/10/2016,2200,2194
05/28/2019,6632,4022
12/01/2017,2694,1748
02/08/2020,1126,858
08/23/2015,1886,2146
05/02/2015,2012,2418
03/22/2020,2280,1940
12/11/2020,767,548
03/14/2020,1214,874
02/12/2018,3604,2418
12/01/2016,3104,2508
01/20/2018,1044,844
09/01/2018,1786,1804
05/19/2020,1396,1149
06/15/2019,3558,3112
06/13/2014,2270,2262
08/26/2016,4260,3532
02/18/2014,1552,1498
07/09/2014,5088,5182
05/15/2018,6570,4388
04/23/2019,4820,2804
10/06/2019,2554,1928
06/16/2017,4196,3134
09/02/2020,1866,1271
11/02/2014,962,1182
06/15/2020,734,504
05/20/2019,4178,2372
07/05/2015,1822,2016
03/17/2016,3254,3242
08/14/2014,4040,4018
06/25/2020,1991,1518
08/21/2019,3740,2126
02/21/2016,652,690
01/20/2017,2518,1922
03/18/2018,1612,1582
10/25/2019,4604,2302
05/26/2019,3224,2748
02/22/2016,2922,2616
07/28/2020,1787,1298
01/15/2015,1370,2426
01/06/2013,628,784
05/01/2015,4158,4290
11/15/2015,740,926
08/29/2014,3284,3092
01/25/2013,1872,1850
05/18/2014,1696,2178
10/05/2012,3180,3116
12/28/2019,912,764
01/02/2013,1862,1808
04/05/2013,1856,1828
01/26/2018,2458,1632
05/04/2020,1116,855
11/01/2019,4972,2552
07/14/2019,3526,2718
12/19/2017,1674,1100
11/22/2018,352,298
11/14/2013,2546,2636
02/23/2013,1046,1206
07/05/2013,3100,3076
05/06/2017,1950,2126
07/19/2013,3866,3964
11/23/2015,2364,2192
01/28/2013,1662,1754
05/24/2018,5710,3980
05/18/2018,5862,4614
06/27/2013,2858,2998
10/18/2017,2786,1816
01/03/2018,3324,2330
07/29/2014,5284,5212
09/24/2020,762,521
01/26/2020,1204,974
12/28/2012,1252,1262
10/03/2012,3522,3520
06/24/2020,1668,1181
06/06/2019,5766,3662
12/29/2019,1030,816
10/08/2014,3244,4316
04/17/2014,1734,1766
11/11/2015,2742,2516
01/01/2018,762,586
04/11/2019,2840,1794
10/28/2013,3298,3358
06/30/2014,4798,4806
07/14/2016,4836,4406
10/12/2013,1204,1344
11/21/2018,2412,1346
10/04/2018,4834,2978
07/18/2013,4246,4526
08/19/2014,4998,4870
08/26/2015,4470,4192
05/30/2019,7040,4376
12/27/2018,1664,1014
10/24/2015,1112,1264
10/23/2012,2474,2526
02/27/2019,3006,1824
07/05/2020,1597,1268
